{"_step":0,"val-core/numina_olympiads/reward/mean@1":0.21153846153846154,"val-core/numina_amc_aime/reward/mean@1":0.5714285714285714,"_wandb":{"runtime":45},"_timestamp":1.7479229435208309e+09,"_runtime":45.877347627}